ID,TITLE,URL,PUBLISHER,CATEGORY,STORY,HOSTNAME,TIMESTAMP
1,"Fed official says weak data caused by weather, should not slow taper","http://www.latimes.com/business/money/la-fi-mo-federal-reserve-plosser-stimulus-economy-20140310,0,1312750.story\?track=rss",Los Angeles Times,b,ddUyU0VZz0BRneMioxUPQVP6sIxvM,www.latimes.com,1394470370698
2,Fed's Charles Plosser sees high bar for change in pace of tapering,http://www.livemint.com/Politics/H2EvwJSK2VE6OF7iK1g3PP/Feds-Charles-Plosser-sees-high-bar-for-change-in-pace-of-ta.html,Livemint,b,ddUyU0VZz0BRneMioxUPQVP6sIxvM,www.livemint.com,1394470371207
3,US open: Stocks fall after Fed official hints at accelerated tapering,http://www.ifamagazine.com/news/us-open-stocks-fall-after-fed-official-hints-at-accelerated-tapering-294436,IFA Magazine,b,ddUyU0VZz0BRneMioxUPQVP6sIxvM,www.ifamagazine.com,1394470371550
4,"Fed risks falling 'behind the curve', Charles Plosser says",http://www.ifamagazine.com/news/fed-risks-falling-behind-the-curve-charles-plosser-says-294430,IFA Magazine,b,ddUyU0VZz0BRneMioxUPQVP6sIxvM,www.ifamagazine.com,1394470371793
5,Fed's Plosser: Nasty Weather Has Curbed Job Growth,http://www.moneynews.com/Economy/federal-reserve-charles-plosser-weather-job-growth/2014/03/10/id/557011,Moneynews,b,ddUyU0VZz0BRneMioxUPQVP6sIxvM,www.moneynews.com,1394470372027
6,Plosser: Fed May Have to Accelerate Tapering Pace,http://www.nasdaq.com/article/plosser-fed-may-have-to-accelerate-tapering-pace-20140310-00371,NASDAQ,b,ddUyU0VZz0BRneMioxUPQVP6sIxvM,www.nasdaq.com,1394470372212
7,Fed's Plosser: Taper pace may be too slow,http://www.marketwatch.com/story/feds-plosser-taper-pace-may-be-too-slow-2014-03-10\?reflink=MW_news_stmp,MarketWatch,b,ddUyU0VZz0BRneMioxUPQVP6sIxvM,www.marketwatch.com,1394470372405
8,Fed's Plosser expects US unemployment to fall to 6.2% by the end of 2014,http://www.fxstreet.com/news/forex-news/article.aspx\?storyid=23285020-b1b5-47ed-a8c4-96124bb91a39,FXstreet.com,b,ddUyU0VZz0BRneMioxUPQVP6sIxvM,www.fxstreet.com,1394470372615
9,US jobs growth last month hit by weather:Fed President Charles Plosser,http://economictimes.indiatimes.com/news/international/business/us-jobs-growth-last-month-hit-by-weatherfed-president-charles-plosser/articleshow/31788000.cms,Economic Times,b,ddUyU0VZz0BRneMioxUPQVP6sIxvM,economictimes.indiatimes.com,1394470372792
10,ECB unlikely to end sterilisation of SMP purchases - traders,http://www.iii.co.uk/news-opinion/reuters/news/152615,Interactive Investor,b,dPhGU51DcrolUIMxbRm0InaHGA2XM,www.iii.co.uk,1394470501265
11,ECB unlikely to end sterilization of SMP purchases: traders,http://in.reuters.com/article/2014/03/10/us-ecb-refi-poll-idINBREA290VH20140310,Reuters India,b,dPhGU51DcrolUIMxbRm0InaHGA2XM,in.reuters.com,1394470501410
12,EU's half-baked bank union could work,http://blogs.reuters.com/hugo-dixon/2014/03/10/eus-half-baked-bank-union-could-work/,Reuters UK \(blog\),b,dPhGU51DcrolUIMxbRm0InaHGA2XM,blogs.reuters.com,1394470501587
13,Europe reaches crunch point on banking union,http://in.reuters.com/article/2014/03/10/eu-banks-resoluton-idINL6N0M71NJ20140310,Reuters,b,dPhGU51DcrolUIMxbRm0InaHGA2XM,in.reuters.com,1394470501755
14,ECB FOCUS-Stronger euro drowns out ECB's message to keep rates low for  ...,http://in.reuters.com/article/2014/03/10/ecb-policy-idINL6N0M71K320140310,Reuters,b,dPhGU51DcrolUIMxbRm0InaHGA2XM,in.reuters.com,1394470501948
15,EU aims for deal on tackling failing banks,http://main.omanobserver.om/\?p=63376,Oman Daily Observer,b,dPhGU51DcrolUIMxbRm0InaHGA2XM,main.omanobserver.om,1394470502141
16,Forex - Pound drops to one-month lows against euro,http://www.nasdaq.com/article/forex-pound-drops-to-onemonth-lows-against-euro-cm333750,NASDAQ,b,dPhGU51DcrolUIMxbRm0InaHGA2XM,www.nasdaq.com,1394470502316
17,Noyer Says Strong Euro Creates Unwarranted Economic Pressure,http://www.sfgate.com/business/bloomberg/article/Noyer-Says-Strong-Euro-Creates-Unwarranted-5303474.php,San Francisco Chronicle,b,dPhGU51DcrolUIMxbRm0InaHGA2XM,www.sfgate.com,1394470502543
18,"EU Week Ahead March 10-14: Bank Resolution, Transparency, Ukraine",http://blogs.wsj.com/brussels/2014/03/10/eu-week-ahead-march-10-14-bank-resolution-transparency-ukraine/,Wall Street Journal \(blog\),b,dPhGU51DcrolUIMxbRm0InaHGA2XM,blogs.wsj.com,1394470502744
19,ECB member Noyer is 'very open to all kinds of tools',http://www.ifamagazine.com/news/ecb-member-noyer-is-very-open-to-all-kinds-of-tools-294431,IFA Magazine,b,dPhGU51DcrolUIMxbRm0InaHGA2XM,www.ifamagazine.com,1394470502946
20,"Euro Anxieties Wane as Bunds Top Treasuries, Spain Debt Rallies",http://www.businessweek.com/news/2014-03-10/german-bonds-beat-treasuries-with-yield-spread-widest-in-7-years,Businessweek,b,dPhGU51DcrolUIMxbRm0InaHGA2XM,www.businessweek.com,1394470503148
21,Noyer Says Strong Euro Creates Unwarranted Economic Pressure (1),http://www.businessweek.com/news/2014-03-10/noyer-says-stronger-euro-creates-unwarranted-pressure-on-economy,Businessweek,b,dPhGU51DcrolUIMxbRm0InaHGA2XM,www.businessweek.com,1394470503366
22,Noyer Says Stronger Euro Creates Unwarranted Pressure on Economy,http://www.sfgate.com/business/bloomberg/article/Noyer-Says-Stronger-Euro-Creates-Unwarranted-5303368.php,San Francisco Chronicle,b,dPhGU51DcrolUIMxbRm0InaHGA2XM,www.sfgate.com,1394470503543
23,Bad loan triggers key feature in ECB bank test announcement: sources,http://www.globalpost.com/dispatch/news/thomson-reuters/140310/bad-loan-triggers-key-feature-ecb-bank-test-announcement-source,GlobalPost,b,dPhGU51DcrolUIMxbRm0InaHGA2XM,www.globalpost.com,1394470503726
24,"China's trade deficit and structural worries in Europe, among the main issues",http://www.fxstreet.com/analysis/strategic-currency-briefing/2014/03/10/,FXstreet.com,b,dPhGU51DcrolUIMxbRm0InaHGA2XM,www.fxstreet.com,1394470503887
25,10 Things You Need To Know This Morning,http://www.businessinsider.com/opening-bell-monday-10-2014-3,Business Insider,b,dPhGU51DcrolUIMxbRm0InaHGA2XM,www.businessinsider.com,1394470504080
26,ECB's Noyer not Happy With Euro Strength -- Update,http://online.wsj.com/article/BT-CO-20140310-705733.html,Wall Street Journal,b,dPhGU51DcrolUIMxbRm0InaHGA2XM,online.wsj.com,1394470504274
27,Eurozone banks' sovereign exposure hits new high,http://www.ekathimerini.com/4dcgi/_w_articles_wsite2_1_10/03/2014_538029,Kathimerini,b,dPhGU51DcrolUIMxbRm0InaHGA2XM,www.ekathimerini.com,1394470504506
28,ECB to reveal bad loan hurdles for euro zone bank test,http://www.irishtimes.com/business/sectors/financial-services/ecb-to-reveal-bad-loan-hurdles-for-euro-zone-bank-test-1.1719128,Irish Times,b,dPhGU51DcrolUIMxbRm0InaHGA2XM,www.irishtimes.com,1394470504683
29,Forex Market: EUR/USD retreats from 2-1/2-year highs as stronger euro seen  ...,http://www.binarytribune.com/2014/03/10/forex-market-eurusd-retreats-from-2-12-year-highs-as-stronger-euro-seen-creating-pressure-on-economy/,Binary Tribune,b,dPhGU51DcrolUIMxbRm0InaHGA2XM,www.binarytribune.com,1394470504893
30,REFILE-Bad loan triggers key feature in ECB bank test announcement- sources,http://in.reuters.com/article/2014/03/10/eurozone-bank-tests-idINL6N0M71F020140310,Reuters,b,dPhGU51DcrolUIMxbRm0InaHGA2XM,in.reuters.com,1394470505070
31,UPDATE 1-ECB to reveal bad loan hurdles for euro zone bank test -sources,http://in.reuters.com/article/2014/03/10/eurozone-bank-tests-idINL6N0M70XH20140310,Reuters,b,dPhGU51DcrolUIMxbRm0InaHGA2XM,in.reuters.com,1394470505314
32,ECB to reveal bad loan hurdles for euro zone bank test - sources,http://www.euronews.com/business-newswires/2393252-ecb-to-reveal-bad-loan-hurdles-for-euro-zone-bank-test-sources/,euronews,b,dPhGU51DcrolUIMxbRm0InaHGA2XM,www.euronews.com,1394470505541
33,ECB requires tougher call on bad loan definition,http://www.ifamagazine.com/news/ecb-requires-tougher-call-on-bad-loan-definition-294417,IFA Magazine,b,dPhGU51DcrolUIMxbRm0InaHGA2XM,www.ifamagazine.com,1394470505699
34,ECB to reveal bad loan hurdles for bank tests?,http://www.rte.ie/news/business/2014/0310/601277-ecb-stress-tests/,RTE.ie,b,dPhGU51DcrolUIMxbRm0InaHGA2XM,www.rte.ie,1394470505885
35,10 Things You Need To Know Before The Opening Bell,http://www.businessinsider.in/10-Things-You-Need-To-Know-Before-The-Opening-Bell/articleshow/31790677.cms,Businessinsider India,b,dPhGU51DcrolUIMxbRm0InaHGA2XM,www.businessinsider.in,1394470506062
36,Central banks must contain threats from low prices: ECB's Noyer,http://www.reuters.com/article/2014/03/10/us-ecb-noyer-idUSBREA290GC20140310,Reuters,b,dPhGU51DcrolUIMxbRm0InaHGA2XM,www.reuters.com,1394470506238
37,UPDATE 1-Central banks must contain threat from low prices -Noyer,http://in.reuters.com/article/2014/03/10/ecb-noyer-idINL6N0M71FQ20140310,Reuters,b,dPhGU51DcrolUIMxbRm0InaHGA2XM,in.reuters.com,1394470506431
38,ECB's Noyer says 'not happy' with euro's rise,http://in.reuters.com/article/2014/03/10/ecb-noyer-idINL6N0M71B320140310,Reuters,b,dPhGU51DcrolUIMxbRm0InaHGA2XM,in.reuters.com,1394470506642
39,ECB's Noyer: Low inflation may hamper adjustment,http://www.marketwatch.com/story/ecbs-noyer-low-inflation-may-hamper-adjustment-2014-03-10,MarketWatch,b,dPhGU51DcrolUIMxbRm0InaHGA2XM,www.marketwatch.com,1394470506843
40,ECB's Christian Noyer says 'not happy' with euro's rise,http://economictimes.indiatimes.com/news/international/business/ecbs-christian-noyer-says-not-happy-with-euros-rise/articleshow/31787854.cms,Economic Times,b,dPhGU51DcrolUIMxbRm0InaHGA2XM,economictimes.indiatimes.com,1394470507053
41,Sterling at one-month low as ECB policy stance lifts euro,http://economictimes.indiatimes.com/markets/forex/sterling-at-one-month-low-as-ecb-policy-stance-lifts-euro/articleshow/31786121.cms,Economic Times,b,dPhGU51DcrolUIMxbRm0InaHGA2XM,economictimes.indiatimes.com,1394470507272
42,EU aims for deal on tackling failing banks next week,http://money.msn.com/business-news/article.aspx\?feed=OBR&amp;date=20140310&amp;id=17418699,MSN Money,b,dPhGU51DcrolUIMxbRm0InaHGA2XM,money.msn.com,1394470507481
43,Failing banks focus of EU talks,http://www.irishexaminer.com/business/failing-banks-focus-of-eu-talks-261384.html,Irish Examiner,b,dPhGU51DcrolUIMxbRm0InaHGA2XM,www.irishexaminer.com,1394470507666
44,Business growth in euro zone rises to 32-month high,http://main.omanobserver.om/\?p=63092,Oman Daily Observer,b,dPhGU51DcrolUIMxbRm0InaHGA2XM,main.omanobserver.om,1394470507843
45,Poking the eurozone bear,http://www.europeanvoice.com/article/2014/march/poking-the-eurozone-bear/79982.aspx,European Voice,b,dPhGU51DcrolUIMxbRm0InaHGA2XM,www.europeanvoice.com,1394470508027
46,ECB Unlocks Door for Further Euro Strength - Will Data Allow?,http://www.dailyfx.com/forex/fundamental/forecast/weekly/eur/2014/03/08/ECB_Unlocks_Door_for_Further_Euro_Strength_Will_Data_Allow.html,DailyFX,b,dPhGU51DcrolUIMxbRm0InaHGA2XM,www.dailyfx.com,1394470508177
47,Omega's Cooperman says eBay should spin off portion of PayPal: CNBC,"http://www.chicagotribune.com/business/sns-rt-us-funds-hedge-cooperman-20140310,0,676164.story",Chicago Tribune,b,dxyGGb4iN9Cs9aMZTKQpJeoiQfruM,www.chicagotribune.com,1394470920294
48,"EBay, Icahn talk smack",http://blog.seattlepi.com/techchron/2014/03/10/ebay-icahn-talk-smack/,Seattle Post Intelligencer \(blog\),b,dxyGGb4iN9Cs9aMZTKQpJeoiQfruM,blog.seattlepi.com,1394470920473
49,Both ways,http://www.business-standard.com/article/opinion/both-ways-114031001089_1.html,Business Standard,b,dxyGGb4iN9Cs9aMZTKQpJeoiQfruM,www.business-standard.com,1394470920633
50,Why eBay Spinning Off Paypal Makes Sense,http://www.dailyfinance.com/2014/03/10/why-ebay-spinning-off-paypal-makes-sense/,DailyFinance,b,dxyGGb4iN9Cs9aMZTKQpJeoiQfruM,www.dailyfinance.com,1394470920827
51,Carl Icahn Rift Hurts eBay (EBAY),http://www.thestreet.com/story/12523308/1/carl-icahn-rift-hurts-ebay-ebay.html,TheStreet.com,b,dxyGGb4iN9Cs9aMZTKQpJeoiQfruM,www.thestreet.com,1394470921011
52,EBay rejects Icahn slate of directors,http://www.news-sentinel.com/apps/pbcs.dll/article\?AID=/20140310/AP01/303109948,News Sentinel,b,dxyGGb4iN9Cs9aMZTKQpJeoiQfruM,www.news-sentinel.com,1394470921171
53,CARL ICAHN: eBay Shareholders Lost $4 Billion Because Of The CEO's  ...,http://www.businessinsider.in/CARL-ICAHN-eBay-Shareholders-Lost-4-Billion-Because-Of-The-CEOs-Incompetence/articleshow/31793651.cms,Businessinsider India,b,dxyGGb4iN9Cs9aMZTKQpJeoiQfruM,www.businessinsider.in,1394470921323
54,Ebay to Shareholders: Vote Against Icahn Nominees,http://www.foxbusiness.com/industries/2014/03/10/ebay-asks-shareholders-to-vote-against-icahn-board-nominees/,Fox Business,b,dxyGGb4iN9Cs9aMZTKQpJeoiQfruM,www.foxbusiness.com,1394470921533
55,"EBay rejects Icahn board nominees, asks investors to do same",http://www.reuters.com/article/2014/03/10/us-ebay-icahn-idUSBREA1Q1CB20140310,Reuters,b,dxyGGb4iN9Cs9aMZTKQpJeoiQfruM,www.reuters.com,1394470921709
56,Icahn Targets Ebay Chief Donahoe After Company Rejects Board Slate,http://www.forbes.com/sites/steveschaefer/2014/03/10/icahn-targets-ebay-chief-donahoe-after-company-rejects-board-slate/,Forbes,b,dxyGGb4iN9Cs9aMZTKQpJeoiQfruM,www.forbes.com,1394470921918
57,TECH STOCKS: EBay And Icahn Keep Trading Punches,http://english.capital.gr/News.asp\?id=1972486,Capital.gr \(press release\),b,dxyGGb4iN9Cs9aMZTKQpJeoiQfruM,english.capital.gr,1394470922077
58,EBay asks shareholders to vote against Carl Icahn board nominees,http://economictimes.indiatimes.com/news/international/business/ebay-asks-shareholders-to-vote-against-carl-icahn-board-nominees/articleshow/31798075.cms,Economic Times,b,dxyGGb4iN9Cs9aMZTKQpJeoiQfruM,economictimes.indiatimes.com,1394470922229
59,EBay asks shareholders to vote against Icahn board nominees,http://www.bnn.ca/News/2014/3/10/EBay-asks-shareholders-to-vote-against-Icahn-board-nominees.aspx,bnn.ca,b,dxyGGb4iN9Cs9aMZTKQpJeoiQfruM,www.bnn.ca,1394470922422
60,EBay and Icahn keep trading punches,http://www.marketwatch.com/story/ebay-and-icahn-keep-trading-punches-2014-03-10,MarketWatch,b,dxyGGb4iN9Cs9aMZTKQpJeoiQfruM,www.marketwatch.com,1394470922573
61,EBay Rejects Icahn Board Picks As Activist Strikes Again,http://www.law360.com/articles/516743/ebay-rejects-icahn-board-picks-as-activist-strikes-again,Law360 \(subscription\),b,dxyGGb4iN9Cs9aMZTKQpJeoiQfruM,www.law360.com,1394470922783
62,EBay Asks Shareholders To Vote Against PayPal Split While Icahn Claims CEO  ...,http://techcrunch.com/2014/03/10/ebay-asks-shareholders-to-vote-against-paypal-split-while-icahn-claims-ceo-incompetence-cost-4b/,TechCrunch,b,dxyGGb4iN9Cs9aMZTKQpJeoiQfruM,techcrunch.com,1394470922918
63,"EBay rejects Carl Icahn's director nominees, urges reelection of its 4 directors",http://www.globalpost.com/dispatch/news/the-canadian-press/140310/ebay-rejects-carl-icahns-director-nominees-urges-reelection-,GlobalPost,b,dxyGGb4iN9Cs9aMZTKQpJeoiQfruM,www.globalpost.com,1394470923069
64,EBay CEO Donahoe's Pay Drops by 53% to $13.8 Million for 2013,http://www.businessweek.com/news/2014-03-10/ebay-ceo-donahoe-s-pay-drops-by-53-percent-to-13-dot-8-million-for-2013,Businessweek,b,dxyGGb4iN9Cs9aMZTKQpJeoiQfruM,www.businessweek.com,1394470923237
65,eBay Rejects Carl Icahn's Board Nominees And Says His Attacks Are 'False And  ...,http://www.businessinsider.in/eBay-Rejects-Carl-Icahns-Board-Nominees-And-Says-His-Attacks-Are-False-And-Misleading/articleshow/31796115.cms,Businessinsider India,b,dxyGGb4iN9Cs9aMZTKQpJeoiQfruM,www.businessinsider.in,1394470923475
66,"EBay rejects Carl Icahn board nominees, asks investors to do same",http://www.livemint.com/Companies/reFKQhuvTX38786ewbP6GM/EBay-rejects-Carl-Icahn-board-nominees-asks-investors-to-do.html,Livemint,b,dxyGGb4iN9Cs9aMZTKQpJeoiQfruM,www.livemint.com,1394470923708
67,"eBay's John Donahoe talks Icahn, conflicts, and $100 stock price (someday)",http://tech.fortune.cnn.com/2014/03/10/ebay-john-donahoe-icahn/,Fortune,b,dxyGGb4iN9Cs9aMZTKQpJeoiQfruM,tech.fortune.cnn.com,1394470923910
68,EBay urgest shareholders to reject Icahn's board nominees,http://www.cnbc.com/id/101464754,CNBC.com,b,dxyGGb4iN9Cs9aMZTKQpJeoiQfruM,www.cnbc.com,1394470924078
69,Carl Icahn slams eBay CEO,http://www.cityam.com/blog/1394460724/carl-icahn-slams-ebay-ceo,CITY A.M. \(blog\),b,dxyGGb4iN9Cs9aMZTKQpJeoiQfruM,www.cityam.com,1394470924237
70,Icahn Claims Inexcusable Incompetence of eBay CEO Cost Stockholders $4 Billion,http://wallstreetpit.com/102929-icahn-claims-inexcusable-incompetence-of-ebay-ceo-cost-stockholders-4-billion/,Wall Street Pit,b,dxyGGb4iN9Cs9aMZTKQpJeoiQfruM,wallstreetpit.com,1394470924548
71,"EBay rejects Carl Icahn's director nominees, urges reelection of its 4 directors  ...",http://www.tribtown.com/view/story/6e4d19ec554a43548961a1e049e1265d/US--EBay-Proxy-fight,The Tribune,b,dxyGGb4iN9Cs9aMZTKQpJeoiQfruM,www.tribtown.com,1394470924716
72,"UPDATE 1-EBay rejects Icahn board nominees, asks investors to do same",http://in.reuters.com/article/2014/03/10/ebay-icahn-idINL2N0M70SN20140310,Reuters,b,dxyGGb4iN9Cs9aMZTKQpJeoiQfruM,in.reuters.com,1394470924842
73,"EBay rejects Icahn board nominees, urges investors to do same",http://www.theglobeandmail.com/report-on-business/international-business/us-business/ebay-urges-shareholders-to-vote-against-icahn-board-nominees/article17391847/,The Globe and Mail,b,dxyGGb4iN9Cs9aMZTKQpJeoiQfruM,www.theglobeandmail.com,1394470925019
74,Carl Icahn: Donahoe Cost eBay Investors More Than $4B,http://www.valuewalk.com/2014/03/carl-icahn-donahoe-cost-ebay-investors-more-than-4b/,ValueWalk,b,dxyGGb4iN9Cs9aMZTKQpJeoiQfruM,www.valuewalk.com,1394470925170
75,EBay urges shareholders to vote against Icahn board nominees,http://www.theglobeandmail.com/report-on-business/ebay-urges-shareholders-to-vote-against-icahn-board-nominees/article17391847/,The Globe and Mail,b,dxyGGb4iN9Cs9aMZTKQpJeoiQfruM,www.theglobeandmail.com,1394470925315
76,eBay asks stockholders to oppose Icahn nominees,http://news.muckety.com/2014/03/10/ebay-asks-stockholders-to-oppose-icahn-nominees/46191,Muckety,b,dxyGGb4iN9Cs9aMZTKQpJeoiQfruM,news.muckety.com,1394470925532
77,EBay says Carl Icahn's board picks 'not qualified',http://www.marketwatch.com/story/ebay-says-carl-icahns-board-picks-not-qualified-2014-03-10\?link=MW_latest_news,MarketWatch,b,dxyGGb4iN9Cs9aMZTKQpJeoiQfruM,www.marketwatch.com,1394470925702
78,McDonald's struggles worsened by snow,http://www.bradenton.com/2014/03/10/5037718/mcdonalds-february-us-sales-chilled.html,Bradenton Herald,b,d4lvRcSzuglGdFMmqvT6ZGcG8vDlM,www.bradenton.com,1394471386119
79,Food: McDonald's game plan to win back customers,http://www.newsherald.com/lifestyles/food-mcdonald-s-game-plan-to-win-back-customers-1.289028,The News Herald,b,d4lvRcSzuglGdFMmqvT6ZGcG8vDlM,www.newsherald.com,1394471386368
80,McDonald's Reports Drop In February Global Sales,http://www.kpinsider.com/167497/mcdonalds-reports-drop-in-february-global-sales.html,KP Insider,b,d4lvRcSzuglGdFMmqvT6ZGcG8vDlM,www.kpinsider.com,1394471386527
81,McDonald's game plan to win back customers,http://www.stamfordadvocate.com/business/article/McDonald-s-game-plan-to-win-back-customers-5303654.php,The Advocate,b,d4lvRcSzuglGdFMmqvT6ZGcG8vDlM,www.stamfordadvocate.com,1394471386695
82,McDonald's sales decline as chain looks to adapt to changing tastes,http://www.newser.com/article/af181ca95ef9466b8bef4cc344b43539/mcdonalds-sales-decline-as-chain-looks-to-adapt-to-changing-tastes.html,Newser,b,d4lvRcSzuglGdFMmqvT6ZGcG8vDlM,www.newser.com,1394471386864
83,3 things to watch for as McDonald's fights to boost US sales,http://www.globalpost.com/dispatch/news/the-canadian-press/140310/3-things-watch-mcdonalds-fights-boost-us-sales,GlobalPost,b,d4lvRcSzuglGdFMmqvT6ZGcG8vDlM,www.globalpost.com,1394471387049
84,McDonald's sales dip amid shifting eating habits,http://www.ocala.com/article/20140310/APF/303109823,Ocala,b,d4lvRcSzuglGdFMmqvT6ZGcG8vDlM,www.ocala.com,1394471387309
85,"McDonald's sales dip amid shifting eating habits, worsened by snow",http://www.deseretnews.com/article/765649410/McDonalds-sales-dip-amid-shifting-eating-habits.html,Deseret News,b,d4lvRcSzuglGdFMmqvT6ZGcG8vDlM,www.deseretnews.com,1394471387475
86,McDonald's February US sales chilled by weather,http://www.tuscaloosanews.com/article/20140310/APF/303109823,Tuscaloosa News \(subscription\),b,d4lvRcSzuglGdFMmqvT6ZGcG8vDlM,www.tuscaloosanews.com,1394471387645
87,McDonald's US sales fall 1.4 per cent in February as chain looks to adapt to  ...,http://www.globalpost.com/dispatch/news/the-canadian-press/140310/mcdonalds-us-sales-fall-14-cent-february-hampered-again-bad-,GlobalPost,b,d4lvRcSzuglGdFMmqvT6ZGcG8vDlM,www.globalpost.com,1394471387813
88,McDonald's Corporation (MCD) February Sales Results Decline,http://www.valuewalk.com/2014/03/mcdonalds-corporation-mcd-february-sales-results-decline/,ValueWalk,b,d4lvRcSzuglGdFMmqvT6ZGcG8vDlM,www.valuewalk.com,1394471387997
89,McDonald's sales decline as chain looks to adapt to changing tastes | The  ...,http://www.tribtown.com/view/story/4c479367a7c94bad9c69468c3fe7e7e3/US--McDonalds-Sales,The Tribune,b,d4lvRcSzuglGdFMmqvT6ZGcG8vDlM,www.tribtown.com,1394471388223
90,McDonald's to try build-your-own-burger menu,http://www.theindychannel.com/news/daily-extras/mcdonalds-to-try-build-your-own-burger-menu,WRTV Indianapolis,b,d4lvRcSzuglGdFMmqvT6ZGcG8vDlM,www.theindychannel.com,1394471388416
91,McDonald's US sales continue to struggle in February,http://www.gmanetwork.com/news/story/351951/economy/companies/mcdonald-s-us-sales-continue-to-struggle-in-february,GMA News,b,d4lvRcSzuglGdFMmqvT6ZGcG8vDlM,www.gmanetwork.com,1394471388592
92,$5 20-piece chicken nuggets didn't help McDonald's reverse US sales decline,http://blogs.marketwatch.com/behindthestorefront/2014/03/10/5-20-piece-chicken-nuggets-didnt-help-mcdonalds-reverse-u-s-sales-decline/,MarketWatch \(blog\),b,d4lvRcSzuglGdFMmqvT6ZGcG8vDlM,blogs.marketwatch.com,1394471388727
93,Burn: McDonald's Business Did Not Heat Up in February,http://wallstcheatsheet.com/business/burn-mcdonalds-business-did-not-heat-up-in-february.html/\?a=viewall,Wall St. Cheat Sheet,b,d4lvRcSzuglGdFMmqvT6ZGcG8vDlM,wallstcheatsheet.com,1394471388870
94,McDonald's February same-restaurant sales fall 0.3%,http://www.bnn.ca/News/2014/3/10/McDonalds-February-same-restaurant-sales-fall-03.aspx,bnn.ca,b,d4lvRcSzuglGdFMmqvT6ZGcG8vDlM,www.bnn.ca,1394471389022
95,McDonald's posts weak February sales results,http://www.proactiveinvestors.com/companies/news/52649/mcdonalds-posts-weak-february-sales-results-52649.html,Proactive Investors USA \& Canada,b,d4lvRcSzuglGdFMmqvT6ZGcG8vDlM,www.proactiveinvestors.com,1394471389274
96,UPDATE 2-McDonald's US sales continue to struggle in February,http://www.reuters.com/article/2014/03/10/mcdonalds-sales-idUSL2N0M70PB20140310,Reuters,b,d4lvRcSzuglGdFMmqvT6ZGcG8vDlM,www.reuters.com,1394471389416
97,McDonald's Sales Slip as Americans' Eating Habits Shift,http://www.dailyfinance.com/2014/03/10/mcdonalds-february-sales-chilled-winter-weather/,DailyFinance,b,d4lvRcSzuglGdFMmqvT6ZGcG8vDlM,www.dailyfinance.com,1394471389602
98,"Five Guys, Chipotle continue to take bites out of McDonald's sales",http://www.courierpress.com/news/2014/mar/10/five-guys-chipotle-continue-take-bites-out-mcdonal/,Evansville Courier \& Press,b,d4lvRcSzuglGdFMmqvT6ZGcG8vDlM,www.courierpress.com,1394471389786
99,McDonald's reports lower US sales amid bitter cold winter,http://www.nj.com/business/index.ssf/2014/03/bitter_cold_winter_pushes_down_mcdonalds_4th_quarter_earnings.html,The Star-Ledger,b,d4lvRcSzuglGdFMmqvT6ZGcG8vDlM,www.nj.com,1394471389954
100,McDonald's Not Lovin' US Sales,http://www.newsledge.com/mcdonalds-lovin-u-s-sales-5418,The News Ledge,b,d4lvRcSzuglGdFMmqvT6ZGcG8vDlM,www.newsledge.com,1394471390131
350836,Miley Cyrus adds Lily Allen to US tour,http://www.u.tv/entertainment/Miley-Cyrus-adds-Lily-Allen-to-US-tour/1879307a-e07d-4921-823b-9e20e063ad2a,U.TV,e,dElxHINWEVeLVmM_RlUerLGTVVWcM,www.u.tv,1404392161223
350837,Sheezus! Lily Allen Will Join Miley Cyrus Bangerz Tour,http://www.entertainmentwise.com/news/153882/1/Sheezus-Lily-Allen-Will-Join-Miley-Cyrus-Bangerz-Tour,Entertainmentwise,e,dElxHINWEVeLVmM_RlUerLGTVVWcM,www.entertainmentwise.com,1404392161590
350838,God help us: Lily Allen and Miley Cyrus team up for joint tour,http://www.gigwise.com/news/92307/god-help-us-lily-allen-and-miley-cyrus-team-up-for-joint-tour,Gigwise,e,dElxHINWEVeLVmM_RlUerLGTVVWcM,www.gigwise.com,1404392161916
350839,Lily Allen To Support Miley Cyrus On Her 'Bangerz' Tour,http://www.mtv.co.uk/lily-allen/news/lily-allen-to-support-miley-cyrus-on-her-bangerz-tour,MTV UK,e,dElxHINWEVeLVmM_RlUerLGTVVWcM,www.mtv.co.uk,1404392162205
350840,Lily Allen Confronts Mean Bloggers in 'URL Badman' Music Video,http://www.aceshowbiz.com/news/view/00072465.html,AceShowbiz,e,dElxHINWEVeLVmM_RlUerLGTVVWcM,www.aceshowbiz.com,1404392162528
350841,WATCH: Lily Allen takes aim at internet trolls in video for URL Badman,http://www.take40.com/news/46993/watch:-lily-allen-takes-aim-at-internet-trolls-in-video-for-url-badman,Take 40,e,dElxHINWEVeLVmM_RlUerLGTVVWcM,www.take40.com,1404392162725
350842,Lily Allen to join Miley Cyrus on select tour dates,http://www.wkrn.com/story/25928851/lily-allen-to-join-miley-cyrus-on-select-tour-dates,WKRN,e,dElxHINWEVeLVmM_RlUerLGTVVWcM,www.wkrn.com,1404392162982
350843,Guess Who Is Joining Miley Cyrus on Her 'Bangerz' Tour?,http://www.cambio.com/2014/07/03/guess-who-is-joining-miley-cyrus-bangerz-tour/,Cambio,e,dElxHINWEVeLVmM_RlUerLGTVVWcM,www.cambio.com,1404392163200
350844,Lily Allen Is Joining Miley Cyrus's Bangerz Tour,http://www.vulture.com/2014/07/lily-allen-joins-miley-cyrus-bangerz-tour.html,Vulture,e,dElxHINWEVeLVmM_RlUerLGTVVWcM,www.vulture.com,1404392163606
350845,Last Lap: Who is Miley Cyrus Adding to her Bangerz Tour?,http://www.vh1.com/music/tuner/2014-07-02/last-lap-who-is-miley-cyrus-bringing-on-tour/,VH1,e,dElxHINWEVeLVmM_RlUerLGTVVWcM,www.vh1.com,1404392163913
350846,Double Trouble? Lily Allen To Join Miley Cyrus On Tour This could make for a  ...,http://www.entertainmentwise.com/news/153856/Double-Trouble-Lily-Allen-To-Join-Miley-Cyrus-On-Tour,Entertainmentwise,e,dElxHINWEVeLVmM_RlUerLGTVVWcM,www.entertainmentwise.com,1404392164166
350847,Double Trouble? Lily Allen To Join Miley Cyrus On Tour,http://www.entertainmentwise.com/news/153856/1/Double-Trouble-Lily-Allen-To-Join-Miley-Cyrus-On-Tour,Entertainmentwise,e,dElxHINWEVeLVmM_RlUerLGTVVWcM,www.entertainmentwise.com,1404392164458
350848,"Lily Allen drops her ""URL Badman"" video!",http://popbytes.com/lily-allen-url-badman-music-video/,PopBytes,e,dElxHINWEVeLVmM_RlUerLGTVVWcM,popbytes.com,1404392164715
350849,Lily Allen Will Join Miley Cyrus on Bangerz Tour,http://popcrush.com/lily-allen-miley-cyrus-bangerz-tour/,PopCrush,e,dElxHINWEVeLVmM_RlUerLGTVVWcM,popcrush.com,1404392164953
350850,Lilly Allen joins Miley Cyrus on US tour,https://au.news.yahoo.com/entertainment/a/24378353/lilly-allen-joins-miley-cyrus-on-us-tour/,Yahoo\!7 News,e,dElxHINWEVeLVmM_RlUerLGTVVWcM,au.news.yahoo.com,1404392165225
350851,Lily Allen mocks mean bloggers in URL Badman video,http://www.stuff.co.nz/entertainment/music/10228472/Lily-Allen-mocks-mean-bloggers-in-URL-Badman-video,Stuff.co.nz,e,dElxHINWEVeLVmM_RlUerLGTVVWcM,www.stuff.co.nz,1404392165499
350852,Lily Allen to play support for Miley Cyrus,http://www.3news.co.nz/Lily-Allen-to-play-support-for-Miley-Cyrus/tabid/418/articleID/351267/Default.aspx,3News NZ,e,dElxHINWEVeLVmM_RlUerLGTVVWcM,www.3news.co.nz,1404392165903
350853,Lily Allen Reveals URL Badman Video,http://www.noise11.com/news/lily-allen-reveals-url-badman-video-20140703,Noise11,e,dElxHINWEVeLVmM_RlUerLGTVVWcM,www.noise11.com,1404392166135
350854,Lily Allen - Miley Cyrus Adds Lily Allen To Us Tour,http://www.contactmusic.com/story/miley-cyrus-adds-lily-allen-to-u-s-tour_4269571,Contactmusic.com,e,dElxHINWEVeLVmM_RlUerLGTVVWcM,www.contactmusic.com,1404392166417
350855,Watch Lily Allen's dizzying new video for 'URL Badman',http://www.digitalspy.com/music/news/a581752/watch-lily-allens-dizzying-new-video-for-url-badman.html,Digital Spy,e,dElxHINWEVeLVmM_RlUerLGTVVWcM,www.digitalspy.com,1404392166630
350856,Lily Allen mocks online trolls in 'URL Badman' music video,http://www.dailylife.com.au/dl-people/dl-entertainment/lily-allen-mocks-online-trolls-in-url-badman-music-video-20140703-3b9ec.html,Daily Life,e,dElxHINWEVeLVmM_RlUerLGTVVWcM,www.dailylife.com.au,1404392166832
350857,Watch Lily Allen Blast Bloggers with 'URL Badman' Video,http://radio.com/2014/07/02/lily-allen-url-badman-video-bloggers/,Radio.com News,e,dElxHINWEVeLVmM_RlUerLGTVVWcM,radio.com,1404392167065
350858,Lily Allen is touring w/ Miley Cyrus (who is BFFs w/ Alt-J),http://www.brooklynvegan.com/archives/2014/07/lily_allen_is_t.html,Brooklyn Vegan \(blog\),e,dElxHINWEVeLVmM_RlUerLGTVVWcM,www.brooklynvegan.com,1404392167440
350859,"Oh, Sheezus: Miley Cyrus Adds Lily Allen To Bangerz Tour",http://www.mtv.com/news/1860323/miley-cyrus-lily-allen-bangerz/,MTV.com,e,dElxHINWEVeLVmM_RlUerLGTVVWcM,www.mtv.com,1404392167912
350860,Lily Allen added to Miley Cyrus tour coming to Scottrade Center,http://www.stltoday.com/entertainment/music/kevin-johnson/lily-allen-added-to-miley-cyrus-tour-coming-to-scottrade/article_ec1415a8-98d8-5ad2-9714-544a87146f58.html,STLtoday.com,e,dElxHINWEVeLVmM_RlUerLGTVVWcM,www.stltoday.com,1404392168155
350861,WATCH: Lily Allen 'URL Badman' Music Video as 'Sheezus' Takes on Internet  ...,http://www.musictimes.com/articles/7250/20140702/watch-lily-allen-url-badman-music-video-sheezus-comment-trolls.htm,Music Times,e,dElxHINWEVeLVmM_RlUerLGTVVWcM,www.musictimes.com,1404392168420
350862,How to Troll Your Online Haters Like Lily Allen,http://www.zimbio.com/Beyond+the+Charts/articles/AtS29-dv21J/How+Troll+Online+Haters+Like+Lily+Allen,Zimbio,e,dElxHINWEVeLVmM_RlUerLGTVVWcM,www.zimbio.com,1404392168691
350863,Lily Allen Releases Video For “URL Badman”,http://www.underthegunreview.net/2014/07/02/lily-allen-releases-video-for-url-badman/,Under the Gun Review,e,dElxHINWEVeLVmM_RlUerLGTVVWcM,www.underthegunreview.net,1404392169067
350864,'URL Badman' Video Kicks Lily Allen to No. 1 on Trending 140,http://www.billboard.com/articles/6143258/lily-allen-url-badman-video-trending-140,Billboard,e,dElxHINWEVeLVmM_RlUerLGTVVWcM,www.billboard.com,1404392169294
350865,Lily Allen Brilliantly Takes Aim At Internet Trolls In New 'URL Badman' Video  ...,http://www.entertainmentwise.com/news/153846/Lily-Allen-Brilliantly-Takes-Aim-At-Internet-Trolls-In-New-URL-Badman-Video-WATCH,Entertainmentwise,e,dElxHINWEVeLVmM_RlUerLGTVVWcM,www.entertainmentwise.com,1404392169554
350866,"Lily Allen Takes on Internet Trolls in New ""URL Badman"" Video",http://www.papermag.com/2014/07/lily_allen_url_badman.php,Papermag,e,dElxHINWEVeLVmM_RlUerLGTVVWcM,www.papermag.com,1404392169766
350867,Lily Allen's taking aim at bedroom bloggers in her URL Badman video,http://www.clickmusic.com/news/article/lily-allens-taking-aim-at-bedroom-bloggers-in-her-url-badman-video,Clickmusic,e,dElxHINWEVeLVmM_RlUerLGTVVWcM,www.clickmusic.com,1404392170132
350868,Lily Allen Mocks Mean Bloggers in 'URL Badman' Music Video,http://mashable.com/2014/07/02/lily-allen-url-badman-music-video-trolls-bloggers/,Mashable,e,dElxHINWEVeLVmM_RlUerLGTVVWcM,mashable.com,1404392170334
350869,Lily Allen's Taking Shots At Internet Trolling! Watch URL Badman Music Video  ...,http://perezhilton.com/2014-07-02-lily-allen-url-badman-music-video-watch-here,PerezHilton.com,e,dElxHINWEVeLVmM_RlUerLGTVVWcM,perezhilton.com,1404392170556
350870,Watch Lily Allen's New Video for 'URL Badman',http://diffuser.fm/lily-allen-url-badman/,Diffuser.fm,e,dElxHINWEVeLVmM_RlUerLGTVVWcM,diffuser.fm,1404392170795
350871,Lily Allen unveils video for new single 'URL Badman',http://www.independent.co.uk/arts-entertainment/music/news/lily-allen-unveils-video-for-new-single-url-badman-9580065.html,The Independent,e,dElxHINWEVeLVmM_RlUerLGTVVWcM,www.independent.co.uk,1404392171147
350872,Lily Allen Destroys Online Haters in Colorful 'URL Badman' Video,http://www.spin.com/articles/lily-allen-url-badman-video/,SPIN,e,dElxHINWEVeLVmM_RlUerLGTVVWcM,www.spin.com,1404392171678
350873,Lily Allen gets back at Internet trolls in new music video for “URL Badman”,http://www.salon.com/2014/07/02/lily_allen_gets_back_at_internet_trolls_in_new_music_video_for_url_badman/,Salon,e,dElxHINWEVeLVmM_RlUerLGTVVWcM,www.salon.com,1404392172107
350874,Lily Allen Confronts Internet Trolls in 'URL Badman' Video,http://www.rollingstone.com/music/videos/lily-allen-confronts-internet-trolls-in-url-badman-video-20140702,RollingStone.com,e,dElxHINWEVeLVmM_RlUerLGTVVWcM,www.rollingstone.com,1404392172355
350875,Lily Allen - 'URL Badman' [Music Video],http://www.directlyrics.com/lily-allen-url-badman-music-video-news.html,Music and Lyrics,e,dElxHINWEVeLVmM_RlUerLGTVVWcM,www.directlyrics.com,1404392172603
350876,Lily Allen shares 'URL Badman' video - watch,http://www.nme.com/news/lily-allen/78291,NME.com,e,dElxHINWEVeLVmM_RlUerLGTVVWcM,www.nme.com,1404392173179
350877,Watch Lily Allen's URL Badman – video,http://www.theguardian.com/music/2014/jul/02/lily-allen-url-badman-video,The Guardian,e,dElxHINWEVeLVmM_RlUerLGTVVWcM,www.theguardian.com,1404392173397
350878,"Watch: Lily Allen's anti-blogger video for ""URL Badman""",http://consequenceofsound.net/2014/07/watch-lily-allens-anti-blogger-video-for-url-badman/,Consequence of Sound,e,dElxHINWEVeLVmM_RlUerLGTVVWcM,consequenceofsound.net,1404392173632
350879,Lily Allen Takes on Internet Trolls in the Music Video for 'URL Badman',http://www.celebuzz.com/2014-07-02/lily-allen-takes-on-internet-trolls-in-the-music-video-for-url-badman/,Celebuzz,e,dElxHINWEVeLVmM_RlUerLGTVVWcM,www.celebuzz.com,1404392173930
350880,Tammy movie review: women behaving badly,http://www.flickfilosopher.com/2014/07/tammy-movie-review-women-behaving-badly.html,Flick Filosopher \(blog\),e,d7am-QTBhiL7rtMDKJVCQ9Lkb3H3M,www.flickfilosopher.com,1404392608799
350881,Film Review: 'Tammy',http://www.cine-vue.com/2014/07/film-review-tammy.html,CineVue,e,d7am-QTBhiL7rtMDKJVCQ9Lkb3H3M,www.cine-vue.com,1404392609124
350882,Kathy Bates Likens Melissa McCarthy to Lucille Ball,http://www.webpronews.com/kathy-bates-likens-melissa-mccarthy-to-lucille-ball-2014-07,WebProNews,e,d7am-QTBhiL7rtMDKJVCQ9Lkb3H3M,www.webpronews.com,1404392609478
350883,McCarthy at handprint ceremony,http://www.belfasttelegraph.co.uk/entertainment/news/mccarthy-at-handprint-ceremony-30403990.html,Belfast Telegraph,e,d7am-QTBhiL7rtMDKJVCQ9Lkb3H3M,www.belfasttelegraph.co.uk,1404392609745
350884,REVIEW: Melissa McCarthy loses steam in 'Tammy',http://kgmi.com/news/030030-review-melissa-mccarthy-loses-steam-in-tammy/,KGMI,e,d7am-QTBhiL7rtMDKJVCQ9Lkb3H3M,kgmi.com,1404392610072
350885,Chuck Koplinski: 'Tammy' is same old act from McCarthy,http://www.news-gazette.com/arts-entertainment/local/2014-07-03/chuck-koplinski-tammy-same-old-act-mccarthy.html,Champaign\/Urbana News-Gazette,e,d7am-QTBhiL7rtMDKJVCQ9Lkb3H3M,www.news-gazette.com,1404392610360
350886,Tammy hits a few road movie speed bumps,http://www.thespec.com/whatson-story/4610397-tammy-hits-a-few-road-movie-speed-bumps/,Hamilton Spectator,e,d7am-QTBhiL7rtMDKJVCQ9Lkb3H3M,www.thespec.com,1404392610609
350887,Melissa McCarthy continues her rise,http://www.spaldingtoday.co.uk/what-s-on/lifestyle-and-leisure/melissa-mccarthy-continues-her-rise-1-6157494,Spalding Guardian,e,d7am-QTBhiL7rtMDKJVCQ9Lkb3H3M,www.spaldingtoday.co.uk,1404392611001
350888,"Tammy, review: 'a watchable mishap'",http://www.telegraph.co.uk/culture/film/filmreviews/10943106/Tammy-review-a-watchable-mishap.html,Telegraph.co.uk,e,d7am-QTBhiL7rtMDKJVCQ9Lkb3H3M,www.telegraph.co.uk,1404392611298
350889,Review: McCarthy's 'Tammy' misses the funny bone,http://www.newsadvance.com/the_burg/movies/reviews/review-mccarthy-s-tammy-misses-the-funny-bone/article_2d1afa92-0257-11e4-af9a-0017a43b2370.html,Lynchburg News and Advance,e,d7am-QTBhiL7rtMDKJVCQ9Lkb3H3M,www.newsadvance.com,1404392611504
350890,McCarthy and company are overserved in 'Tammy',http://www.gazettenet.com/living/12597369-95/mccarthy-and-company-are-overserved-in-tammy,GazetteNET,e,d7am-QTBhiL7rtMDKJVCQ9Lkb3H3M,www.gazettenet.com,1404392611795
350891,"Melissa McCarthy hits the highway in 'Tammy,' Hollywood's latest road tip",http://www.washingtonpost.com/express/wp/2014/07/03/melissa-mccarthy-hits-the-highway-in-tammy,Washington Post,e,d7am-QTBhiL7rtMDKJVCQ9Lkb3H3M,www.washingtonpost.com,1404392612138
350892,DVD REVIEW: Tammy,http://www.salisburyjournal.co.uk/leisure/entertainments/11318071.DVD_REVIEW__Tammy/,Salisbury Journal,e,d7am-QTBhiL7rtMDKJVCQ9Lkb3H3M,www.salisburyjournal.co.uk,1404392612421
350893,SNEAK PREVIEW: Movies opening this week,http://topsfield.wickedlocal.com/article/20140702/ENTERTAINMENT/140708933/12438/ENTERTAINMENT,Wicked Local Topsfield,e,d7am-QTBhiL7rtMDKJVCQ9Lkb3H3M,topsfield.wickedlocal.com,1404392612685
350894,'Tammy' little more than an 'SNL' skit that lasts too long,http://www.recordernews.com/premium/V0867-BC-US-FilmReview-Tammy-07-01-1286,The Recorder \(subscription\),e,d7am-QTBhiL7rtMDKJVCQ9Lkb3H3M,www.recordernews.com,1404392613169
350895,REVIEW: Tammy,http://www.basingstokegazette.co.uk/leisure/general/11317918.REVIEW__Tammy/\?ref=var_0,Basingstoke Gazette,e,d7am-QTBhiL7rtMDKJVCQ9Lkb3H3M,www.basingstokegazette.co.uk,1404392613465
350896,Movie review: 'Tammy' takes some funny turns but also loses its way,http://www.news-sentinel.com/apps/pbcs.dll/article\?AID=/20140703/ENT/140709896,News Sentinel,e,d7am-QTBhiL7rtMDKJVCQ9Lkb3H3M,www.news-sentinel.com,1404392613698
350897,Susan Sarandon bowled over by 'brave' Melissa McCarthy,http://www.ianslive.in/index.php\?param=news/Susan_Sarandon_bowled_over_by_brave_Melissa_McCarthy-430798/ENTERTAINMENT/15,IANS,e,d7am-QTBhiL7rtMDKJVCQ9Lkb3H3M,www.ianslive.in,1404392614039
350898,"Tammy, film review: Melissa McCarthy takes all the pratfalls in this erratic comedy",http://www.independent.co.uk/arts-entertainment/films/reviews/tammy-film-review-melissa-mccarthy-takes-all-the-pratfalls-in-this-erratic-comedy-9581210.html,The Independent,e,d7am-QTBhiL7rtMDKJVCQ9Lkb3H3M,www.independent.co.uk,1404392614290
350899,Tammy | Movie review,http://www.theupcoming.co.uk/2014/07/03/tammy-movie-review/,The Upcoming,e,d7am-QTBhiL7rtMDKJVCQ9Lkb3H3M,www.theupcoming.co.uk,1404392614552
350900,"On the surprisingly strong Tammy, and its emerging feminist hero Melissa  ...",http://www.nashvillescene.com/nashville/on-the-surprisingly-strong-tammy-and-its-emerging-feminist-hero-melissa-mccarthy/Content\?oid=4223695,Nashville Scene,e,d7am-QTBhiL7rtMDKJVCQ9Lkb3H3M,www.nashvillescene.com,1404392614866
350901,"'Tammy': When life offers lemons, zest them",http://www.news-journal.com/features/entertainment/tammy-when-life-offers-lemons-zest-them/article_f38a6739-6431-51f1-bdb3-f072cf5d7fae.html,Longview News-Journal,e,d7am-QTBhiL7rtMDKJVCQ9Lkb3H3M,www.news-journal.com,1404392615430
350902,Film Review: Melissa McCarthy's 'Tammy' misses the funny bone,http://www.crescent-news.com/reviews/2014/07/03/film-review-melissa-mccarthy-s-tammy-misses-the-funny-bone,Defiance Crescent News \(subscription\),e,d7am-QTBhiL7rtMDKJVCQ9Lkb3H3M,www.crescent-news.com,1404392615714
350903,"McCarthy, Falcone talk about first movie together",http://www.spokesman.com/stories/2014/jul/03/mccarthy-falcone-talk-about-first-movie-together/,The Spokesman Review,e,d7am-QTBhiL7rtMDKJVCQ9Lkb3H3M,www.spokesman.com,1404392616054
350904,McCarthy overserved in 'Tammy',http://columbiadailyherald.com/digest/entertainment/mccarthy-overserved-tammy,Columbia Daily Herald,e,d7am-QTBhiL7rtMDKJVCQ9Lkb3H3M,columbiadailyherald.com,1404392616316
350905,'Tammy' Review : McCarthy novelty may be wearing off,http://moviehole.net/201477575tammy-review-mccarthy-novelty-may-be-wearing-off,Moviehole,e,d7am-QTBhiL7rtMDKJVCQ9Lkb3H3M,moviehole.net,1404392616684
350906,'Tammy': A dream comedy? Not for critics,http://www.12newsnow.com/story/25926526/tammy-a-dream-comedy-not-for-critics,12NewsNow.Com,e,d7am-QTBhiL7rtMDKJVCQ9Lkb3H3M,www.12newsnow.com,1404392616927
350907,McCarthy lets it all hang out as 'Tammy',http://lmtribune.com/360/article_9a425562-026a-11e4-b189-0017a43b2370.html,Lewiston Morning Tribune \(subscription\),e,d7am-QTBhiL7rtMDKJVCQ9Lkb3H3M,lmtribune.com,1404392617137
350908,McCarthy lets it all hang out in new comedy,http://www.saukvalley.com/2014/07/02/mccarthy-lets-it-all-hang-out-in-new-comedy/a8gdwde/,Saukvalley,e,d7am-QTBhiL7rtMDKJVCQ9Lkb3H3M,www.saukvalley.com,1404392617520
350909,Review: McCarthy's 'Tammy' misses funny bone,http://bryantimes.com/news/article_97955e34-0221-11e4-8162-0019bb2963f4.html,The Bryan Times \(subscription\),e,d7am-QTBhiL7rtMDKJVCQ9Lkb3H3M,bryantimes.com,1404392617790
350910,McCarthy's 'Tammy' misses the funny bone,http://www.thestarpress.com/viewart/20140703/LIFESTYLE/307030028/McCarthy-s-Tammy-misses-funny-bone,Muncie Star Press,e,d7am-QTBhiL7rtMDKJVCQ9Lkb3H3M,www.thestarpress.com,1404392618107
350911,McCarthy immortalised by hand-footprint ceremony,http://www.ptinews.com/news/4879415_McCarthy-immortalised-nbsp-by-hand-footprint-ceremony-.html,Press Trust of India,e,d7am-QTBhiL7rtMDKJVCQ9Lkb3H3M,www.ptinews.com,1404392618385
350912,Melissa McCarthy immortalised with hand and footprint ceremony,http://zeenews.india.com/entertainment/glamtalk/melissa-mccarthy-immortalised-with-hand-and-footprint-ceremony_157719.html,Zee News,e,d7am-QTBhiL7rtMDKJVCQ9Lkb3H3M,zeenews.india.com,1404392618741
350913,'Tammy': A road trip picture that is way off its course,http://www.buckscountycouriertimes.com/life-style/to-do/movie-reviews/tammy-a-road-trip-picture-that-is-way-off-its/article_ed12b8ca-1bda-5c79-bf01-5daac762d25b.html,Bucks County Courier Times,e,d7am-QTBhiL7rtMDKJVCQ9Lkb3H3M,www.buckscountycouriertimes.com,1404392619254
350914,McCarthyism's not so bad,http://www.goerie.com/article/20140703/ENTERTAINMENT0702/307039975/McCarthyism&#39;s-not-so-bad,GoErie.com,e,d7am-QTBhiL7rtMDKJVCQ9Lkb3H3M,www.goerie.com,1404392619786
350915,Behind the scenes of 'Tammy' with Melissa McCarthy,http://www.goerie.com/article/20140703/ENTERTAINMENT0702/307039976/Behind-the-scenes-of-&#39;Tammy&#39;-with-Melissa-McCarthy,GoErie.com,e,d7am-QTBhiL7rtMDKJVCQ9Lkb3H3M,www.goerie.com,1404392620036
350916,Melissa McCarthy Attends Hand and Footprint Ceremony,http://www.aceshowbiz.com/news/view/00072447.html,AceShowbiz,e,d7am-QTBhiL7rtMDKJVCQ9Lkb3H3M,www.aceshowbiz.com,1404392620268
350917,"Good, Bad or Something Else - ""Tammy""",http://www.nebraska.tv/story/25931125/good-bad-or-something-else-tammy,NTV,e,d7am-QTBhiL7rtMDKJVCQ9Lkb3H3M,www.nebraska.tv,1404392620481
350918,"McCarthy, Falcone goofballs in matrimony",http://www.observer-reporter.com/article/20140702/LIFESTYLES04/140709888,Washington Observer Reporter,e,d7am-QTBhiL7rtMDKJVCQ9Lkb3H3M,www.observer-reporter.com,1404392620799
350919,Daily Box Office Analysis,http://www.boxofficeprophets.com/column/index.cfm\?columnID=16835,Box Office Prophets,e,d7am-QTBhiL7rtMDKJVCQ9Lkb3H3M,www.boxofficeprophets.com,1404392621079
350920,"McCarthy lets it all hang out, and then pulls it back in, as 'Tammy'",http://www.journalnow.com/relishnow/film_tv/mccarthy-lets-it-all-hang-out-and-then-pulls-it/article_f63d9092-f27f-518d-82f1-c5e0e5a5a73c.html,Winston-Salem Journal,e,d7am-QTBhiL7rtMDKJVCQ9Lkb3H3M,www.journalnow.com,1404392621367
350921,Tame Tammy,http://www.nowtoronto.com/movies/story.cfm\?content=198718,NOW Magazine,e,d7am-QTBhiL7rtMDKJVCQ9Lkb3H3M,www.nowtoronto.com,1404392622015
350922,Susan Sarandon: Melissa McCarthy is brave as hell,http://www.byronnews.com.au/news/susan-sarandon-melissa-mccarthy-brave-hell/2307823/,Byron Shire News,e,d7am-QTBhiL7rtMDKJVCQ9Lkb3H3M,www.byronnews.com.au,1404392622198
350923,Mirthless script drags down superstar cast,http://www.heraldscotland.com/arts-ents/film/mirthless-script-drags-down-superstar-cast.24653597,Herald Scotland,e,d7am-QTBhiL7rtMDKJVCQ9Lkb3H3M,www.heraldscotland.com,1404392622569
350924,'Tammy' lacks originality,http://www.examiner.com/review/tammy-lacks-originality,Examiner.com,e,d7am-QTBhiL7rtMDKJVCQ9Lkb3H3M,www.examiner.com,1404392622943
350925,Critics Consensus: Tammy Takes a Wrong Turn,http://www.rottentomatoes.com/m/tammy_2014/news/1930885/critics_consensus_tammy_takes_a_wrong_turn/,Rotten Tomatoes,e,d7am-QTBhiL7rtMDKJVCQ9Lkb3H3M,www.rottentomatoes.com,1404392623195
350926,Melissa McCarthy calls 'Tammy' a 'love letter to Illinois',http://www.suntimes.com/entertainment/28430148-421/melissa-mccarthy-calls-tammy-a-love-letter-to-illinois.html,Chicago Sun-Times,e,d7am-QTBhiL7rtMDKJVCQ9Lkb3H3M,www.suntimes.com,1404392623455
350927,Tammy: 5 Behind The Scenes Stories You Have To Hear,http://www.cinemablend.com/new/Tammy-5-Behind-Scenes-Stories-You-Have-Hear-43721.html,Cinema Blend,e,d7am-QTBhiL7rtMDKJVCQ9Lkb3H3M,www.cinemablend.com,1404392623891
350928,'Tammy': McCarthy makes you laugh at her hard luck story,http://www.examiner.com/review/tammy-mccarthy-makes-you-laugh-at-her-hard-luck-story,Examiner.com,e,d7am-QTBhiL7rtMDKJVCQ9Lkb3H3M,www.examiner.com,1404392624144
350929,Forecast: 'Transformers' to Take Out 'Tammy' Over July 4th Weekend,http://www.boxofficemojo.com/news/\?id=3867&amp;p=.htm,Box Office Mojo,e,d7am-QTBhiL7rtMDKJVCQ9Lkb3H3M,www.boxofficemojo.com,1404392624396
350930,Melissa McCarthy Immortalized at Hand & Footprint Ceremony!,http://www.justjared.com/2014/07/02/melissa-mccarthy-immortalized-at-hand-footprint-ceremony/,Just Jared,e,d7am-QTBhiL7rtMDKJVCQ9Lkb3H3M,www.justjared.com,1404392624640
350931,"Movie Review: ""Tammy""",http://www.theeagleonline.com/article/2014/07/movie-review-tammy,The Eagle,e,d7am-QTBhiL7rtMDKJVCQ9Lkb3H3M,www.theeagleonline.com,1404392625031
350932,Movie review: Female ensemble makes “Tammy” source of laughs (and maybe  ...,http://www.columbusalive.com/content/stories/2014/07/03/movie-review-female-ensemble-makes-tammy-source-of-laughs-and-maybe-tears.html,Columbus Alive,e,d7am-QTBhiL7rtMDKJVCQ9Lkb3H3M,www.columbusalive.com,1404392625219
350933,"Starring: Melissa McCarthy, Susan Sarandon",http://www.westendword.com/Elist-11144.114137-12474.114137-Tammy.html,West End Word,e,d7am-QTBhiL7rtMDKJVCQ9Lkb3H3M,www.westendword.com,1404392625460
350934,EVENT CAPSULE CLEAN - Melissa McCarthy Immortalized With Hand And  ...,http://archive.firstcoastnews.com/video/default.aspx\?bctid=3656152388001,First Coast News,e,d7am-QTBhiL7rtMDKJVCQ9Lkb3H3M,archive.firstcoastnews.com,1404392625814
422836,URGENT - Ebola accelerating,http://www.wdsu.com/health/urgent-ebola-accelerating/27768194,WDSU New Orleans,m,dhhnSHVoyA7ENBM3boDX_D_-3PV6M,www.wdsu.com,1409228429706
422837,"Ebola kills 1552, toll continues to accelerate",http://businessdayonline.com/2014/08/ebola-kills-1552-toll-continues-to-accelerate/,BusinessDay,m,dhhnSHVoyA7ENBM3boDX_D_-3PV6M,businessdayonline.com,1409228430018
422838,Air France suspends flights to Ebola-hit Sierra Leone at request of French  ...,http://www.dailymail.co.uk/travel/travel_news/article-2735698/Citing-Ebola-Air-France-suspends-flights.html,Daily Mail,m,dhhnSHVoyA7ENBM3boDX_D_-3PV6M,www.dailymail.co.uk,1409228430383
422839,Ebola: Its Going To Get Worse Before It Gets Better – US Official,http://www.channelstv.com/2014/08/28/ebola-going-get-worse-gets-better-us-official/,CHANNELS,m,dhhnSHVoyA7ENBM3boDX_D_-3PV6M,www.channelstv.com,1409228430694
422840,Death toll from Ebola outbreak tops 1550- WHO,http://www.irishtimes.com/news/world/africa/death-toll-from-ebola-outbreak-tops-1-550-who-1.1910757,Irish Times,m,dhhnSHVoyA7ENBM3boDX_D_-3PV6M,www.irishtimes.com,1409228430924
422841,"Ebola death tops 1550, with 3062 cases: WHO",http://www.hindustantimes.com/world-news/ebola-death-tops-1-550-with-3-062-cases-who/article1-1257470.aspx,Hindustan Times,m,dhhnSHVoyA7ENBM3boDX_D_-3PV6M,www.hindustantimes.com,1409228432182
422842,Doctor dies of Ebola in Port Harcourt,http://businessdayonline.com/2014/08/doctor-dies-of-ebola-in-port-harcourt/,BusinessDay,m,dhhnSHVoyA7ENBM3boDX_D_-3PV6M,businessdayonline.com,1409228432408
422843,Death toll from Ebola outbreak rises - WHO,http://www.rte.ie/news/2014/0828/639824-ebola/,RTE.ie,m,dhhnSHVoyA7ENBM3boDX_D_-3PV6M,www.rte.ie,1409228432591
422844,CDC Warns Ebola Outbreak Will Get Worse,http://www.your-story.org/cdc-warns-ebola-outbreak-will-get-worse/19427700/,Your-Story.org,m,dhhnSHVoyA7ENBM3boDX_D_-3PV6M,www.your-story.org,1409228433022
422845,US official warns Ebola outbreak will get worse,http://www.local8now.com/home/headlines/US-official-warns-Ebola-outbreak-will-get-worse-272996981.html,Local 8 Now,m,dhhnSHVoyA7ENBM3boDX_D_-3PV6M,www.local8now.com,1409228433287
422846,Woman who butchered animal 'first Ebola case',http://www.itv.com/news/update/2014-08-28/pregnant-woman-who-butchered-animal-first-ebola-case/,ITV News,m,dhhnSHVoyA7ENBM3boDX_D_-3PV6M,www.itv.com,1409228433573
422847,"Ebola death toll hits 1552, with 3069 cases, and continues to accelerate: WHO",http://www.straitstimes.com/news/world/more-world-stories/story/ebola-death-toll-hits-1552-3069-cases-and-continues-accelerate-w,The Straits Times,m,dhhnSHVoyA7ENBM3boDX_D_-3PV6M,www.straitstimes.com,1409228433871
422848,Ebola-struck West African nations isolated as airlines stop flights,http://www.firstpost.com/world/ebola-struck-west-african-nations-isolated-as-airlines-stop-flights-1685835.html,Firstpost,m,dhhnSHVoyA7ENBM3boDX_D_-3PV6M,www.firstpost.com,1409228434126
422849,Liberia's Ebola crisis 'will get worse',http://www.iol.co.za/news/africa/liberia-s-ebola-crisis-will-get-worse-1.1742308,Independent Online,m,dhhnSHVoyA7ENBM3boDX_D_-3PV6M,www.iol.co.za,1409228434391
422850,Ebola crisis controversy clouds AFCON 2015 qualification,http://www.just-football.com/2014/08/uncertainties-cloud-afcon-qualification/,Just Football.com,m,dhhnSHVoyA7ENBM3boDX_D_-3PV6M,www.just-football.com,1409228434630
422851,"Ebola effect:Liberia,Sierra Leone, Nigeria isolated as airlines stop flights",http://www.saharasamay.com/world-news/676559768/ebola-effect-liberia-sierra-leone-nigeria-isolated-as-airlines-s.html,Sahara Samay,m,dhhnSHVoyA7ENBM3boDX_D_-3PV6M,www.saharasamay.com,1409228434956
422852,Ebola hits West Africa's economies,http://www.iol.co.za/news/africa/ebola-hits-west-africa-s-economies-1.1742355,Independent Online,m,dhhnSHVoyA7ENBM3boDX_D_-3PV6M,www.iol.co.za,1409228435182
422853,Ebola causing huge damage to W.Africa economies- development bank,http://www.stabroeknews.com/2014/news/world/08/28/ebola-causing-huge-damage-w-africa-economies-development-bank/,Stabroek News,m,dhhnSHVoyA7ENBM3boDX_D_-3PV6M,www.stabroeknews.com,1409228435378
422854,Fresh warning over Ebola as crisis talks start,http://www.hindustantimes.com/world-news/fresh-warning-over-ebola-as-crisis-talks-start/article1-1257434.aspx,Hindustan Times,m,dhhnSHVoyA7ENBM3boDX_D_-3PV6M,www.hindustantimes.com,1409228435640
422855,Fresh warning over Ebola,http://www.thestandard.com.hk/breaking_news_detail.asp\?id=53110&amp;icid=a&amp;d_str=,Hong Kong Standard,m,dhhnSHVoyA7ENBM3boDX_D_-3PV6M,www.thestandard.com.hk,1409228435965
422856,"AfDB Donates $210m To Nigeria, Others To Fight Ebola",http://www.dailytimes.com.ng/article/afdb-donates-210m-nigeria-others-fight-ebola,Daily Times Nigeria,m,dhhnSHVoyA7ENBM3boDX_D_-3PV6M,www.dailytimes.com.ng,1409228436237
422857,"Ebola epidemic to get worse, needs 'unprecedented; response: health official",http://www.firstpost.com/world/ebola-epidemic-to-get-worse-needs-unprecedented-response-health-official-1686025.html,Firstpost,m,dhhnSHVoyA7ENBM3boDX_D_-3PV6M,www.firstpost.com,1409228436454
422858,Sierra Leone - Into the Hot Zone (HD) - 23' min 36 sec (26 August 2014),http://www.journeyman.tv/67655/short-films/into-the-hot-zone-hd.html,Journeyman Weekly,m,dhhnSHVoyA7ENBM3boDX_D_-3PV6M,www.journeyman.tv,1409228436653
422859,Third Top Ebola Doctor Dies as Medical Personnel Evacuated From Sierra Leone,http://www.chinatopix.com/articles/8154/20140828/ebola-doctor-dies.htm,Chinatopix,m,dhhnSHVoyA7ENBM3boDX_D_-3PV6M,www.chinatopix.com,1409228436895
422860,Air France suspends flights to Ebola-hit Sierra Leone,http://www.english.rfi.fr/africa/20140828-ebola-hit-sierra-leone-liberia-isolated-air-france-suspends-flights-freetown,RFI,m,dhhnSHVoyA7ENBM3boDX_D_-3PV6M,www.english.rfi.fr,1409228437116
422861,Air France suspends Sierra Leone flights over Ebola,http://traveller24.news24.com/News/Flights/Air-France-suspends-Sierra-Leone-flights-over-Ebola-20140827,News24,m,dhhnSHVoyA7ENBM3boDX_D_-3PV6M,traveller24.news24.com,1409228437358
422862,"Ebola Outbreak to Get Worse, Says Top US Health Officials",http://www.citizennews.co.ke/news/2012/local/item/21953-ebola-outbreak-to-get-worse-says-top-us-health-officials,Citizen News,m,dhhnSHVoyA7ENBM3boDX_D_-3PV6M,www.citizennews.co.ke,1409228437525
422863,Canada pulls lab team out of Sierra Leone over Ebola fears,http://www.thetelegram.com/News/Canada---World/2014-08-27/article-3850382/Canada-pulls-lab-team-out-of-Sierra-Leone-over-Ebola-fears/1,The Telegram,m,dhhnSHVoyA7ENBM3boDX_D_-3PV6M,www.thetelegram.com,1409228437751
422864,"Ebola risk: Outbreak set to get worse, official warns",http://www.cityam.com/1409208506/ebola-risk-outbreak-set-get-worse-official-warns,CITY A.M.,m,dhhnSHVoyA7ENBM3boDX_D_-3PV6M,www.cityam.com,1409228438136
422865,Air France suspends flights to Ebola-stricken Sierra Leone,http://www.france24.com/en/20140828-air-france-suspend-flights-ebola-sierra-leone-guinea-liberia/,FRANCE 24,m,dhhnSHVoyA7ENBM3boDX_D_-3PV6M,www.france24.com,1409228438405
422866,AfDB President allays investors over Ebola,http://en.starafrica.com/news/afdb-president-allays-investors-over-ebola.html,StarAfrica.com,m,dhhnSHVoyA7ENBM3boDX_D_-3PV6M,en.starafrica.com,1409228438692
422867,"New Ebola outbreak emerges in Congo, killing 13",http://www.ecns.cn/2014/08-28/132028.shtml,ecns,m,dhhnSHVoyA7ENBM3boDX_D_-3PV6M,www.ecns.cn,1409228439040
422868,Ebola: Flights to Nigeria not suspnded - French Govt,http://nigerianobservernews.com/28082014/news/news5.html,Nigerian Observer,m,dhhnSHVoyA7ENBM3boDX_D_-3PV6M,nigerianobservernews.com,1409228439266
422869,"Ebola has killed more than 120 health workers, WHO says",http://www.usatoday.com/story/news/nation/2014/08/26/ebola-kills-medical-workers-who/14610437/,USA TODAY,m,dhhnSHVoyA7ENBM3boDX_D_-3PV6M,www.usatoday.com,1409228439515
422870,US health chief warns Liberia Ebola crisis 'will get worse',http://www.thenewage.co.za/136151-1020-53-US_health_chief_warns_Liberia_Ebola_crisis_will_get_worse,The New Age Online,m,dhhnSHVoyA7ENBM3boDX_D_-3PV6M,www.thenewage.co.za,1409228439739
422871,Ebola outbreak needs an 'unprecedented' response to bring it under control,http://en.mercopress.com/2014/08/28/ebola-outbreak-needs-an-unprecedented-response-to-bring-it-under-control,MercoPress,m,dhhnSHVoyA7ENBM3boDX_D_-3PV6M,en.mercopress.com,1409228440091
422872,Africa: CDC Director Says Ebola Outbreak to Get Worse,http://allafrica.com/stories/201408280312.html,AllAfrica.com,m,dhhnSHVoyA7ENBM3boDX_D_-3PV6M,allafrica.com,1409228440305
422873,BA extends Ebola ban,http://news.iafrica.com/worldnews/956865.html,iAfrica.com,m,dhhnSHVoyA7ENBM3boDX_D_-3PV6M,news.iafrica.com,1409228440487
422874,Ebola in West Africa: Venice city's 14th century plague outbreak holds key to  ...,http://www.thehealthsite.com/news/ebola-in-west-africa-venice-citys-14th-century-plague-outbreak-holds-key-to-fight-ebola/,TheHealthSite,m,dhhnSHVoyA7ENBM3boDX_D_-3PV6M,www.thehealthsite.com,1409228440728
422875,"Ebola in West Africa: Ebola epidemic likely to worsen, extraordinary response  ...",http://www.thehealthsite.com/news/ebola-in-west-africa-ebola-epidemic-likely-to-worsen-extraordinary-response-needed/,TheHealthSite,m,dhhnSHVoyA7ENBM3boDX_D_-3PV6M,www.thehealthsite.com,1409228441026
422876,Latest Ebola News: Six confirmed cases of Ebola emerge in Congo,http://www.thehealthsite.com/news/latest-ebola-news-six-confirmed-cases-of-ebola-emerge-in-congo/,TheHealthSite,m,dhhnSHVoyA7ENBM3boDX_D_-3PV6M,www.thehealthsite.com,1409228441267
422877,Ebola Epidemic to Get Worse: Health Official,http://www.newindianexpress.com/world/Ebola-Epidemic-to-Get-Worse-Health-Official/2014/08/28/article2402533.ece,The New Indian Express,m,dhhnSHVoyA7ENBM3boDX_D_-3PV6M,www.newindianexpress.com,1409228441471
422878,A Look Inside a Slum Cut Off by the Ebola Outbreak,http://www.mycentraloregon.com/2014/08/27/a-look-inside-a-slum-cut-off-by-the-ebola-outbreak/,myCentralOregon.com,m,dhhnSHVoyA7ENBM3boDX_D_-3PV6M,www.mycentraloregon.com,1409228441713
422879,Ebola causing huge damage to West Africa economies ; Air France suspends  ...,http://www.dnaindia.com/world/report-ebola-causing-huge-damage-to-west-africa-economies-air-france-suspends-flights-to-sierra-leone-2014269,Daily News \& Analysis,m,dhhnSHVoyA7ENBM3boDX_D_-3PV6M,www.dnaindia.com,1409228442215
422880,Ebola zone countries isolated as airlines stop flights (Update),http://medicalxpress.com/news/2014-08-ebola-zone-countries-isolated-airlines.html,Medical Xpress,m,dhhnSHVoyA7ENBM3boDX_D_-3PV6M,medicalxpress.com,1409228442504
422881,Ebola-hit West African nations isolated as airlines stop flights,http://www.firstpost.com/world/ebola-hit-west-african-nations-isolated-as-airlines-stop-flights-1685835.html,Firstpost,m,dhhnSHVoyA7ENBM3boDX_D_-3PV6M,www.firstpost.com,1409228442719
422882,"Ebola outbreak: Suspension of flights putting medical staff at risk, says Australian  ...",https://au.news.yahoo.com/a/24838372/ebola-outbreak-suspension-of-flights-putting-medical-staff-at-risk-says-australian-doctor-in-monrovia/,Yahoo\!7 News,m,dhhnSHVoyA7ENBM3boDX_D_-3PV6M,au.news.yahoo.com,1409228442904
422883,"Ebola outbreak will get worse, official warns",http://www.news-journal.com/news/world/ebola-outbreak-will-get-worse-official-warns/article_42e79287-0638-5d78-ac42-a02e40277c6f.html,Longview News-Journal,m,dhhnSHVoyA7ENBM3boDX_D_-3PV6M,www.news-journal.com,1409228443398
422884,The American Ebola scare is classist,http://www.technicianonline.com/opinion/article_48a2a5ce-2e69-11e4-8e37-0017a43b2370.html,N.C. State University Technician Online,m,dhhnSHVoyA7ENBM3boDX_D_-3PV6M,www.technicianonline.com,1409228443855
422885,Int'l Ebola response 'dangerously inadequate',http://www.presstv.ir/detail/2014/08/28/376824/ebola-response-dangerously-inadequate/,Press TV,m,dhhnSHVoyA7ENBM3boDX_D_-3PV6M,www.presstv.ir,1409228444134
422886,Ebola: UN-organized workshop aims to boost Africa's defences against deadly  ...,http://indiablooms.com/ibns_new/health-details/H/276/ebola-un-organized-workshop-aims-to-boost-africa-s-defences-against-deadly-disease.html,indiablooms,m,dhhnSHVoyA7ENBM3boDX_D_-3PV6M,indiablooms.com,1409228444364
422887,Six cases of deadly Ebola virus confirmed in Congo,http://news.oneindia.in/international/congo-confirms-six-ebola-cases-1510821.html,Oneindia,m,dhhnSHVoyA7ENBM3boDX_D_-3PV6M,news.oneindia.in,1409228444928
422888,Finland urges citizens to stay away from West African countries,http://yle.fi/uutiset/finland_urges_citizens_to_stay_away_from_west_african_countries/7436373,YLE News,m,dhhnSHVoyA7ENBM3boDX_D_-3PV6M,yle.fi,1409228445179
422889,UN releases $1.5m to help DRC fight Ebola,http://www.news24.com/Africa/News/UN-releases-15m-to-help-DRC-fight-Ebola-20140828,News24,m,dhhnSHVoyA7ENBM3boDX_D_-3PV6M,www.news24.com,1409228445660
422890,Ebola-hit states slip further into isolation,http://www.aljazeera.com/news/africa/2014/08/ebola-hit-states-slip-further-isolation-201482825347873951.html,Aljazeera.com,m,dhhnSHVoyA7ENBM3boDX_D_-3PV6M,www.aljazeera.com,1409228445992
422891,Democratic Republic of Congo confirms six Ebola cases,http://www.india.com/news/world/democratic-republic-of-congo-confirms-six-ebola-cases-132062/,India.com,m,dhhnSHVoyA7ENBM3boDX_D_-3PV6M,www.india.com,1409228446213
422892,"DR Congo Confirms 6 Ebola Cases Out Of 42 Reported, Death Toll 13",http://www.bernama.com.my/bernama/v7/wn/newsworld.php\?id=1064089,Bernama,m,dhhnSHVoyA7ENBM3boDX_D_-3PV6M,www.bernama.com.my,1409228446465
422893,"Ebola outbreak will get worse, U.S. official warns",http://www.twincities.com/nation/ci_26420651/ebola-outbreak-will-get-worse-u-s-official,TwinCities.com-Pioneer Press,m,dhhnSHVoyA7ENBM3boDX_D_-3PV6M,www.twincities.com,1409228447008
422894,3rd doctor dies from Ebola in Sierra Leone,http://freepressjournal.in/3rd-doctor-dies-from-ebola-in-sierra-leone/,Free Press Journal,m,dhhnSHVoyA7ENBM3boDX_D_-3PV6M,freepressjournal.in,1409228447285
422895,UN-organized workshop aims to boost Africa's defences against Ebola Virus,http://www.bignewsnetwork.com/index.php/sid/225153377,Big News Network.com,m,dhhnSHVoyA7ENBM3boDX_D_-3PV6M,www.bignewsnetwork.com,1409228447690
422896,Congo confirms six Ebola cases,http://www.daijiworld.com/news/news_disp.asp\?n_id=259042,Daijiworld.com,m,dhhnSHVoyA7ENBM3boDX_D_-3PV6M,www.daijiworld.com,1409228447926
422897,New Ebola Outbreak Emerges in Congo,http://www.mycentraloregon.com/2014/08/27/new-ebola-outbreak-emerges-in-congo/,myCentralOregon.com,m,dhhnSHVoyA7ENBM3boDX_D_-3PV6M,www.mycentraloregon.com,1409228448180
422898,Third top doctor dies from ebola,http://www.irishexaminer.com/world/third-top-doctor-dies-from-ebola-283872.html,Irish Examiner,m,dhhnSHVoyA7ENBM3boDX_D_-3PV6M,www.irishexaminer.com,1409228448369
422899,Liberia protesters fired upon as Ebola toll rises,http://www.omantribune.com/index.php\?page=news&amp;id=173704&amp;heading=News%20in%20Details,Oman Tribune,m,dhhnSHVoyA7ENBM3boDX_D_-3PV6M,www.omantribune.com,1409228448740
422900,"Citing Ebola, Air France suspends flights",http://www.aurorasentinel.com/uncategorized/citing-ebola-air-france-suspends-flights/,Aurora Sentinel,m,dhhnSHVoyA7ENBM3boDX_D_-3PV6M,www.aurorasentinel.com,1409228449013
422901,Canada bringing home Ebola lab team for now,http://www.guelphmercury.com/news-story/4801202-canada-bringing-home-ebola-lab-team-for-now/,Guelph Mercury,m,dhhnSHVoyA7ENBM3boDX_D_-3PV6M,www.guelphmercury.com,1409228449589
422902,Ebola causing huge damage to W. Africa economies,http://news.asiaone.com/news/world/ebola-causing-huge-damage-w-africa-economies,AsiaOne,m,dhhnSHVoyA7ENBM3boDX_D_-3PV6M,news.asiaone.com,1409228450267
422903,DR Congo confirms 6 Ebola cases - UPDATED,http://en.apa.az/news/215583,APA,m,dhhnSHVoyA7ENBM3boDX_D_-3PV6M,en.apa.az,1409228450758
422904,Ebola outbreak delays Canmore couple's adoption plans,http://www.cbc.ca/news/canada/calgary/ebola-outbreak-delays-canmore-couple-s-adoption-plans-1.2748827,CBC.ca,m,dhhnSHVoyA7ENBM3boDX_D_-3PV6M,www.cbc.ca,1409228450972
422905,WHO pulls personnel from Ebola lab after health worker infected,http://www.latimes.com/world/africa/la-fg-sierra-leone-ebola-20140826-story.html,Los Angeles Times,m,dhhnSHVoyA7ENBM3boDX_D_-3PV6M,www.latimes.com,1409228451198
422906,Airline suspends flights over Ebola fears,http://www.wnd.com/2014/08/air-france-suspends-flights-over-ebola-fears/,WND.com,m,dhhnSHVoyA7ENBM3boDX_D_-3PV6M,www.wnd.com,1409228451468
422907,CDC Director: Ebola Is 'Worse Than I'd Feared',http://time.com/3198366/cdc-director-ebola-is-worse-than-id-feared/,TIME,m,dhhnSHVoyA7ENBM3boDX_D_-3PV6M,time.com,1409228451845
422908,CDC director says Liberia Ebola outbreak to get worse,http://www.dw.de/cdc-director-says-liberia-ebola-outbreak-to-get-worse/a-17885550,Deutsche Welle,m,dhhnSHVoyA7ENBM3boDX_D_-3PV6M,www.dw.de,1409228452081
422909,"France Asks Citizens to Avoid Liberia, Sierra Leone Over Ebola Scare",http://english.chosun.com/site/data/html_dir/2014/08/28/2014082800634.html,The Chosun Ilbo,m,dhhnSHVoyA7ENBM3boDX_D_-3PV6M,english.chosun.com,1409228452319
422910,"Ebola-infected doctor in Sierra Leone, Sahr Rogers, dies",http://www.cbc.ca/news/health/ebola-infected-doctor-in-sierra-leone-sahr-rogers-dies-1.2748090,CBC.ca,m,dhhnSHVoyA7ENBM3boDX_D_-3PV6M,www.cbc.ca,1409228452728
422911,Ebola zone nations isolated as airlines stop flights,http://www.brecorder.com/general-news/172/1218173/,Business Recorder,m,dhhnSHVoyA7ENBM3boDX_D_-3PV6M,www.brecorder.com,1409228453085
422912,"28/08/2014Ebola response 'dangerously inadequate,' says MSF official",http://www.expatica.com/be/news/belgian-news/ebola-response-dangerously-inadequate--says-msf-official_300567.html,Expatica Belguim,m,dhhnSHVoyA7ENBM3boDX_D_-3PV6M,www.expatica.com,1409228453432
422913,Glaxo's Ebola vaccine may begin safety tests in humans next week,http://www.panews.com/cnhi_network/article_e92c8f56-0295-5f0f-b748-8332b9c83a75.html,The Port Arthur News,m,dhhnSHVoyA7ENBM3boDX_D_-3PV6M,www.panews.com,1409228453652
422914,Ebola causing huge damage to West African economies,http://www.moneyweb.co.za/moneyweb-international/ebola-causing-huge-damage-to-west-african-economie,Moneyweb.co.za,m,dhhnSHVoyA7ENBM3boDX_D_-3PV6M,www.moneyweb.co.za,1409228453918
422915,Ebola outbreak: 'It's even worse than I'd feared',http://q13fox.com/2014/08/27/ebola-outbreak-its-even-worse-than-id-feared/,Q13 FOX,m,dhhnSHVoyA7ENBM3boDX_D_-3PV6M,q13fox.com,1409228454366
422916,CDC: Ebola outbreak 'even worse than I'd feared',http://kfor.com/2014/08/27/cdc-ebola-outbreak-even-worse-than-id-feared/,kfor.com,m,dhhnSHVoyA7ENBM3boDX_D_-3PV6M,kfor.com,1409228454637
422917,Ebola Virus Disease in the Democratic Republic of Congo Reported to WHO,http://www.infectioncontroltoday.com/news/2014/08/ebola-virus-disease-in-the-democratic-republic-of-congo-reported-to-who.aspx,Infection Control Today,m,dhhnSHVoyA7ENBM3boDX_D_-3PV6M,www.infectioncontroltoday.com,1409228454932
422918,CDC Chief Warns Liberia Ebola Crisis 'Will Get Worse',http://www.newsmax.com/Newsfront/Health-Ebola-WAfrica-Liberia/2014/08/27/id/591291/,Newsmax.com,m,dhhnSHVoyA7ENBM3boDX_D_-3PV6M,www.newsmax.com,1409228455249
422919,UPDATE 3-Ebola causing huge damage to W.Africa economies- development  ...,http://af.reuters.com/article/guineaNews/idAFL5N0QX4C120140827,Reuters Africa,m,dhhnSHVoyA7ENBM3boDX_D_-3PV6M,af.reuters.com,1409228455497
422920,WHO removes staff from Sierra Leone Ebola center amid infection concerns,http://www.bignewsnetwork.com/index.php/sid/225153207,Big News Network.com,m,dhhnSHVoyA7ENBM3boDX_D_-3PV6M,www.bignewsnetwork.com,1409228455693
422921,Ebola causing huge damage to W Africa economies: African Development Bank,http://economictimes.indiatimes.com/news/international/world-news/ebola-causing-huge-damage-to-w-africa-economies-african-development-bank/articleshow/41035569.cms,Economic Times,m,dhhnSHVoyA7ENBM3boDX_D_-3PV6M,economictimes.indiatimes.com,1409228455934
422922,Democratic Republic of Congo reports Ebola outbreak: WHO,http://news.xinhuanet.com/english/health/2014-08/28/c_126926098.htm,Xinhua,m,dhhnSHVoyA7ENBM3boDX_D_-3PV6M,news.xinhuanet.com,1409228456566
422923,British Ebola sufferer gets new drug,http://www.echo.net.au/2014/08/british-ebola-sufferer-gets-new-drug/,Echonetdaily,m,dhhnSHVoyA7ENBM3boDX_D_-3PV6M,www.echo.net.au,1409228456773
422924,AFDB Boss Says Ebola Infected Countries May Lose1.5% GDP,http://leadership.ng/business/382219/afdb-boss-says-ebola-infected-countries-may-lose1-5-gdp,Leadership Newspapers,m,dhhnSHVoyA7ENBM3boDX_D_-3PV6M,leadership.ng,1409228457129
422925,Cincinnati Children's to rebuild boy's throat using his rib (Video),http://www.bizjournals.com/cincinnati/news/2014/08/27/cincinnati-children-s-to-rebuild-boy-s-throat.html,Cincinnati Business Courier,m,dpcLMoJD69UYMXMxaoEFnWql9YjQM,www.bizjournals.com,1409229187092
422926,Cincinnati doctors use child's rib to rebuild his throat,http://www.jrn.com/kgun9/now-trending/Cincinnati-doctors-use-childs-rib-to-rebuild-his-throat-272896791.html,KGUN 9,m,dpcLMoJD69UYMXMxaoEFnWql9YjQM,www.jrn.com,1409229187393
422927,Cincinnati Children's surgeons rebuild throat of 4-year-old who swallowed battery,http://www.kptv.com/story/26378648/surgeons-remove-4-year-olds-rib-to-rebuild-damaged-throat,KPTV.com,m,dpcLMoJD69UYMXMxaoEFnWql9YjQM,www.kptv.com,1409229187741
422928,Surgeons remove 4-year-old's rib to rebuild damaged throat - WNEM TV 5,http://www.wnem.com/story/26378648/surgeons-remove-4-year-olds-rib-to-rebuild-damaged-throat,WNEM Saginaw,m,dpcLMoJD69UYMXMxaoEFnWql9YjQM,www.wnem.com,1409229188173
422929,Surgery update for boy who swallowed battery,http://www.local12.com/news/features/top-stories/stories/surgery-update-boy-swallowed-battery-16741.shtml,WKRC TV Cincinnati,m,dpcLMoJD69UYMXMxaoEFnWql9YjQM,www.local12.com,1409229188577
422930,Boy who swallowed battery headed for surgery,http://www.kgns.tv/health/headlines/Boy-who-swallowed-battery-headed-for-surgery-272903281.html,KGNS.tv,m,dpcLMoJD69UYMXMxaoEFnWql9YjQM,www.kgns.tv,1409229188921
422931,Ohio Boy's Throat Rebuilt After Being Burned By Battery,http://www.keyetv.com/news/features/top-stories/stories/ohio-boys-throat-rebuilt-after-being-burned-battery-20397.shtml,KEYE TV,m,dpcLMoJD69UYMXMxaoEFnWql9YjQM,www.keyetv.com,1409229189229
422932,Cincinnati Children's surgeons to rebuild throat of 4-year-old who swallowed  ...,http://www.wsmv.com/story/26378648/surgeons-removed-4-year-olds-rib-to-rebuild-his-damaged-throat,WSMV Nashville,m,dpcLMoJD69UYMXMxaoEFnWql9YjQM,www.wsmv.com,1409229189743
422933,Surgeons to remove 4-year-old's rib to rebuild damaged throat - CBS 3  ...,http://www.cbs3springfield.com/story/26378648/surgeons-removed-4-year-olds-rib-to-rebuild-his-damaged-throat,WSHM-TV,m,dpcLMoJD69UYMXMxaoEFnWql9YjQM,www.cbs3springfield.com,1409229190251
422934,Boy to have surgery on esophagus after battery burns hole in throat,http://www.wlwt.com/news/boy-to-have-surgery-on-esophagus-after-battery-burns-hole-in-throat/27741396,WLWT Cincinnati,m,dpcLMoJD69UYMXMxaoEFnWql9YjQM,www.wlwt.com,1409229190508
422935,Child who swallowed battery to have reconstructive surgery at Cincinnati  ...,http://www.newsnet5.com/news/local-news/child-who-swallowed-battery-to-have-reconstructive-surgery-at-cincinnati-childrens-hospital,NewsNet5.com,m,dpcLMoJD69UYMXMxaoEFnWql9YjQM,www.newsnet5.com,1409229190771
422936,Phoenix boy undergoes surgery to repair throat damage - WFSB 3 Connecticut,http://www.wfsb.com/story/26368078/phoenix-boy-undergoes-surgery-to-repair-throat-damage-from-button-battery,WFSB,m,dpcLMoJD69UYMXMxaoEFnWql9YjQM,www.wfsb.com,1409229191071
422937,Phoenix boy undergoes surgery to repair throat damage - CBS 3 Springfield  ...,http://www.cbs3springfield.com/story/26368078/phoenix-boy-undergoes-surgery-to-repair-throat-damage-from-button-battery,WSHM-TV,m,dpcLMoJD69UYMXMxaoEFnWql9YjQM,www.cbs3springfield.com,1409229191565
